"MIKIKOGYO CO.,LTD.",1718,100,1:3,3,1/3
TEKKEN CORPORATION,1815,100,1:2,2,1/2
"TAISEI ONCHO CO.,LTD.",1904,100,1:4,4,1/4
"DAIWA HOUSE INDUSTRY CO.,LTD.",1925,100,1:2,2,1/2
"RAITO KOGYO CO.,LTD.",1926,100,1:4,4,1/4
TECHNO RYOWA LTD.,1965,100,1:3,3,1/3
"Nippon Beet Sugar Manufacturing Co.,Ltd.",2108,100,1:3,3,1/3
NH Foods Ltd.,2282,100,1:3,3,1/3
Hibino Corporation,2469,100,1:2,2,1/2
Terra Drone Corporation,278A,100,1:2,2,1/2
Kioxia Holdings Corporation,285A,100,1:3,3,1/3
Isetan Mitsukoshi Holdings Ltd.,3099,100,1:2,2,1/2
KURABO INDUSTRIES LTD.,3106,100,1:5,5,1/5
Akatsuki Inc.,3932,100,1:3,3,1/3
"IBIDEN CO.,LTD.",4062,100,1:2,2,1/2
ROBOT PAYMENT INC.,4374,100,1:2,2,1/2
"SANYO CHEMICAL INDUSTRIES,LTD.",4471,100,1:4,4,1/4
"AISAN TECHNOLOGY CO.,LTD.",4667,100,1:3,3,1/3
"Toukei Computer Co.,Ltd.",4746,100,1:4,4,1/4
XNET Corporation,4762,100,1:2,2,1/2
"Sumitomo Osaka Cement Co.,Ltd.",5232,100,1:3,3,1/3
"Niterra Co.,Ltd.",5334,100,1:2,2,1/2
"Mitsui Kinzoku Company,Limited",5706,100,1:10,10,1/10
SWCC Corporation,5805,100,1:5,5,1/5
"Makino Milling Machine Co.,Ltd.",6135,100,1:5,5,1/5
ORGANO CORPORATION,6368,100,1:5,5,1/5
RAIZNEXT Corporation,6379,100,1:3,3,1/3
DAIHEN CORPORATION,6622,100,1:5,5,1/5
"Tera Probe,Inc.",6627,100,1:5,5,1/5
KYB Corporation,7242,100,1:3,3,1/3
"TOYODA GOSEI CO.,LTD.",7282,100,1:5,5,1/5
"Hakuto Co.,Ltd.",7433,100,1:3,3,1/3
NAKANISHI INC.,7716,100,1:2,2,1/2
TOPPAN Holdings Inc.,7911,100,1:2,2,1/2
NIFCO INC.,7988,100,1:2,2,1/2
Tokyo Electron Limited,8035,100,1:5,5,1/5
RYODEN CORPORATION,8084,100,1:2,2,1/2
"NIPPON GAS CO.,LTD.",8174,100,1:3,3,1/3
"Sumitomo Mitsui Financial Group,Inc.",8316,100,1:2,2,1/2
"THE AKITA BANK,LTD.",8343,100,1:5,5,1/5
"The Yamanashi Chuo Bank,Ltd.",8360,100,1:5,5,1/5
"The Ogaki Kyoritsu Bank,Ltd.",8361,100,1:5,5,1/5
"The Kiyo Bank,Ltd.",8370,100,1:3,3,1/3
"Hokuhoku Financial Group, Inc.",8377,100,1:10,10,1/10
"The Awa Bank,Ltd.",8388,100,1:5,5,1/5
"The Kita-Nippon Bank,Ltd.",8551,100,1:3,3,1/3
"Tokio Marine Holdings,Inc.",8766,100,1:15,15,1/15
SANKYU INC.,9065,100,1:5,5,1/5
"Maruzen Showa Unyu Co.,Ltd.",9068,100,1:2,2,1/2
"Japan Oil Transportation Co.,Ltd.",9074,100,1:2,2,1/2
"KSK CO.,LTD",9687,100,1:3,3,1/3
"VALOR HOLDINGS CO.,LTD.",9956,100,1:2,2,1/2
"SUZUKEN CO.,LTD.",9987,100,1:2,2,1/2
